{
    "name": "root",
    "gauges": {
        "MoveToTarget.Policy.Entropy.mean": {
            "value": 1.4197609424591064,
            "min": 1.4197609424591064,
            "max": 1.4197609424591064,
            "count": 1
        },
        "MoveToTarget.Policy.Entropy.sum": {
            "value": 71670.953125,
            "min": 71670.953125,
            "max": 71670.953125,
            "count": 1
        },
        "MoveToTarget.Environment.EpisodeLength.mean": {
            "value": 54.90898748577929,
            "min": 54.90898748577929,
            "max": 54.90898748577929,
            "count": 1
        },
        "MoveToTarget.Environment.EpisodeLength.sum": {
            "value": 48265.0,
            "min": 48265.0,
            "max": 48265.0,
            "count": 1
        },
        "MoveToTarget.Step.mean": {
            "value": 49976.0,
            "min": 49976.0,
            "max": 49976.0,
            "count": 1
        },
        "MoveToTarget.Step.sum": {
            "value": 49976.0,
            "min": 49976.0,
            "max": 49976.0,
            "count": 1
        },
        "MoveToTarget.Policy.ExtrinsicValueEstimate.mean": {
            "value": -0.23518122732639313,
            "min": -0.23518122732639313,
            "max": -0.23518122732639313,
            "count": 1
        },
        "MoveToTarget.Policy.ExtrinsicValueEstimate.sum": {
            "value": -323.609375,
            "min": -323.609375,
            "max": -323.609375,
            "count": 1
        },
        "MoveToTarget.Environment.CumulativeReward.mean": {
            "value": -1.5085324232081911,
            "min": -1.5085324232081911,
            "max": -1.5085324232081911,
            "count": 1
        },
        "MoveToTarget.Environment.CumulativeReward.sum": {
            "value": -1326.0,
            "min": -1326.0,
            "max": -1326.0,
            "count": 1
        },
        "MoveToTarget.Policy.ExtrinsicReward.mean": {
            "value": -1.5085324232081911,
            "min": -1.5085324232081911,
            "max": -1.5085324232081911,
            "count": 1
        },
        "MoveToTarget.Policy.ExtrinsicReward.sum": {
            "value": -1326.0,
            "min": -1326.0,
            "max": -1326.0,
            "count": 1
        },
        "MoveToTarget.Losses.PolicyLoss.mean": {
            "value": 0.02300577231411201,
            "min": 0.02300577231411201,
            "max": 0.02300577231411201,
            "count": 1
        },
        "MoveToTarget.Losses.PolicyLoss.sum": {
            "value": 0.09202308925644805,
            "min": 0.09202308925644805,
            "max": 0.09202308925644805,
            "count": 1
        },
        "MoveToTarget.Losses.ValueLoss.mean": {
            "value": 0.4856582483897606,
            "min": 0.4856582483897606,
            "max": 0.4856582483897606,
            "count": 1
        },
        "MoveToTarget.Losses.ValueLoss.sum": {
            "value": 1.9426329935590425,
            "min": 1.9426329935590425,
            "max": 1.9426329935590425,
            "count": 1
        },
        "MoveToTarget.Policy.LearningRate.mean": {
            "value": 0.00028457925514024994,
            "min": 0.00028457925514024994,
            "max": 0.00028457925514024994,
            "count": 1
        },
        "MoveToTarget.Policy.LearningRate.sum": {
            "value": 0.0011383170205609998,
            "min": 0.0011383170205609998,
            "max": 0.0011383170205609998,
            "count": 1
        },
        "MoveToTarget.Policy.Epsilon.mean": {
            "value": 0.19485975,
            "min": 0.19485975,
            "max": 0.19485975,
            "count": 1
        },
        "MoveToTarget.Policy.Epsilon.sum": {
            "value": 0.779439,
            "min": 0.779439,
            "max": 0.779439,
            "count": 1
        },
        "MoveToTarget.Policy.Beta.mean": {
            "value": 0.004743501525000001,
            "min": 0.004743501525000001,
            "max": 0.004743501525000001,
            "count": 1
        },
        "MoveToTarget.Policy.Beta.sum": {
            "value": 0.018974006100000003,
            "min": 0.018974006100000003,
            "max": 0.018974006100000003,
            "count": 1
        },
        "MoveToTarget.IsTraining.mean": {
            "value": 1.0,
            "min": 1.0,
            "max": 1.0,
            "count": 1
        },
        "MoveToTarget.IsTraining.sum": {
            "value": 1.0,
            "min": 1.0,
            "max": 1.0,
            "count": 1
        }
    },
    "metadata": {
        "timer_format_version": "0.1.0",
        "start_time_seconds": "1711319351",
        "python_version": "3.9.13 (tags/v3.9.13:6de2ca5, May 17 2022, 16:36:42) [MSC v.1929 64 bit (AMD64)]",
        "command_line_arguments": "C:\\Uni Modules\\Year 3 again\\CMP304 AI\\DinoJumpAIUnity\\DinoJumpAI\\venv\\Scripts\\mlagents-learn --run-id=Test3",
        "mlagents_version": "0.30.0",
        "mlagents_envs_version": "0.30.0",
        "communication_protocol_version": "1.5.0",
        "pytorch_version": "2.2.1+cpu",
        "numpy_version": "1.21.2",
        "end_time_seconds": "1711319627"
    },
    "total": 275.7730042,
    "count": 1,
    "self": 0.008781499999940934,
    "children": {
        "run_training.setup": {
            "total": 0.12533230000000017,
            "count": 1,
            "self": 0.12533230000000017
        },
        "TrainerController.start_learning": {
            "total": 275.63889040000004,
            "count": 1,
            "self": 0.19028599999990092,
            "children": {
                "TrainerController._reset_env": {
                    "total": 9.361166500000001,
                    "count": 1,
                    "self": 9.361166500000001
                },
                "TrainerController.advance": {
                    "total": 265.9835754000001,
                    "count": 9348,
                    "self": 0.1694812000008028,
                    "children": {
                        "env_step": {
                            "total": 249.62430189999904,
                            "count": 9348,
                            "self": 243.19230999999942,
                            "children": {
                                "SubprocessEnvManager._take_step": {
                                    "total": 6.243241600000287,
                                    "count": 9349,
                                    "self": 0.4766598000008262,
                                    "children": {
                                        "TorchPolicy.evaluate": {
                                            "total": 5.766581799999461,
                                            "count": 8568,
                                            "self": 5.766581799999461
                                        }
                                    }
                                },
                                "workers": {
                                    "total": 0.18875029999932202,
                                    "count": 9347,
                                    "self": 0.0,
                                    "children": {
                                        "worker_root": {
                                            "total": 85.38312690000025,
                                            "count": 9347,
                                            "is_parallel": true,
                                            "self": 34.250814300000044,
                                            "children": {
                                                "steps_from_proto": {
                                                    "total": 0.0006700000000012807,
                                                    "count": 2,
                                                    "is_parallel": true,
                                                    "self": 0.0002232000000095269,