{
    "name": "root",
    "metadata": {
        "timer_format_version": "0.1.0",
        "start_time_seconds": "1711479089",
        "python_version": "3.9.13 (tags/v3.9.13:6de2ca5, May 17 2022, 16:36:42) [MSC v.1929 64 bit (AMD64)]",
        "command_line_arguments": "C:\\Uni Modules\\Year 3 again\\CMP304 AI\\DinoJumpAIUnity\\DinoJumpAI\\venv\\Scripts\\mlagents-learn myConfig.yaml --run-id=Test69",
        "mlagents_version": "0.30.0",
        "mlagents_envs_version": "0.30.0",
        "communication_protocol_version": "1.5.0",
        "pytorch_version": "2.2.1+cpu",
        "numpy_version": "1.21.2",
        "end_time_seconds": "1711479109"
    },
    "total": 19.584867,
    "count": 1,
    "self": 0.01037200000000027,
    "children": {
        "run_training.setup": {
            "total": 0.1159722999999997,
            "count": 1,
            "self": 0.1159722999999997
        },
        "TrainerController.start_learning": {
            "total": 19.4585227,
            "count": 1,
            "self": 0.0014881000000102063,
            "children": {
                "TrainerController._reset_env": {
                    "total": 17.9191212,
                    "count": 1,
                    "self": 17.9191212
                },
                "TrainerController.advance": {
                    "total": 1.405922199999992,
                    "count": 72,
                    "self": 0.001217600000035901,
                    "children": {
                        "env_step": {
                            "total": 1.3957905999999838,
                            "count": 72,
                            "self": 1.322631799999936,
                            "children": {
                                "SubprocessEnvManager._take_step": {
                                    "total": 0.07236970000001364,
                                    "count": 72,
                                    "self": 0.0033064000000244675,
                                    "children": {
                                        "TorchPolicy.evaluate": {
                                            "total": 0.06906329999998917,
                                            "count": 71,
                                            "self": 0.06906329999998917
                                        }
                                    }
                                },
                                "workers": {
                                    "total": 0.0007891000000341819,
                                    "count": 72,
                                    "self": 0.0,
                                    "children": {
                                        "worker_root": {
                                            "total": 2.3687366000000303,
                                            "count": 72,
                                            "is_parallel": true,
                                            "self": 1.1191865000000298,
                                            "children": {
                                                "steps_from_proto": {
                                                    "total": 0.00043550000000180944,
                                                    "count": 1,
                                                    "is_parallel": true,
                                                    "self": 0.0002095000000039704,
                                                    "children": {
                                                        "_process_rank_one_or_two_observation": {
                                                            "total": 0.00022599999999783904,
                                                            "count": 4,
                                                            "is_parallel": true,
                                                            "self": 0.00022599999999783904
                                                        }
                                                    }
                                                },
                                                "UnityEnvironment.step": {
                                                    "total": 1.2491145999999986,
                                                    "count": 72,
                                                    "is_parallel": true,
                                                    "self": 0.006426500000003443,
                                                    "children": {
                                                        "UnityEnvironment._generate_step_input": {
                                                            "total": 0.005221399999992826,
                                                            "count": 72,
                                                            "is_parallel": true,
                                                            "self": 0.005221399999992826
                                                        },
                                                        "communicator.exchange": {
                                                            "total": 1.213868900000012,
                                                            "count": 72,
                                                            "is_parallel": true,
                                                            "self": 1.213868900000012
                                                        },
                                                        "steps_from_proto": {
                                                            "total": 0.023597799999990343,
                                                            "count": 72,
                                                            "is_parallel": true,
                                                            "self": 0.012240500000004317,
                                                            "children": {
                                                                "_process_rank_one_or_two_observation": {
                                                                    "total": 0.011357299999986026,
                                                                    "count": 288,
                                                                    "is_parallel": true,
                                                                    "self": 0.011357299999986026
                                                                }
                                                            }
                                                        }
                                                    }
                                                }
                                            }
                                        }
                                    }
                                }
                            }
                        },
                        "trainer_advance": {
                            "total": 0.008913999999972333,
                            "count": 72,
                            "self": 0.0015849999999844044,
                            "children": {
                                "process_trajectory": {
                                    "total": 0.0073289999999879285,
                                    "count": 72,
                                    "self": 0.0073289999999879285
                                }
                            }
                        }
                    }
                },
                "trainer_threads": {
                    "total": 5.999999999062311e-07,
                    "count": 1,
                    "self": 5.999999999062311e-07
                },
                "TrainerController._save_models": {
                    "total": 0.13199059999999818,
                    "count": 1,
                    "self": 0.004615900000001005,